{"IcoMoonType":"selection","icons":[{"icon":{"paths":["M658.286 475.429c0-141.143-114.857-256-256-256s-256 114.857-256 256 114.857 256 256 256 256-114.857 256-256zM950.857 950.857c0 40-33.143 73.143-73.143 73.143-19.429 0-38.286-8-51.429-21.714l-196-195.429c-66.857 46.286-146.857 70.857-228 70.857-222.286 0-402.286-180-402.286-402.286s180-402.286 402.286-402.286 402.286 180 402.286 402.286c0 81.143-24.571 161.143-70.857 228l196 196c13.143 13.143 21.143 32 21.143 51.429z"],"width":950.8571428571428,"attrs":[],"isMulticolor":false,"isMulticolor2":false,"tags":["search"],"defaultCode":61442,"grid":14},"attrs":[],"properties":{"name":"search","id":6,"order":89,"prevSize":28,"code":61442},"setIdx":0,"setId":5,"iconIdx":6},{"icon":{"paths":["M438.857 365.714c0-80.571-65.714-146.286-146.286-146.286s-146.286 65.714-146.286 146.286 65.714 146.286 146.286 146.286 146.286-65.714 146.286-146.286zM585.143 365.714c0 34.857-4 70.857-18.857 102.286l-208 442.286c-12 25.143-38.286 40.571-65.714 40.571s-53.714-15.429-65.143-40.571l-208.571-442.286c-14.857-31.429-18.857-67.429-18.857-102.286 0-161.714 130.857-292.571 292.571-292.571s292.571 130.857 292.571 292.571z"],"width":585.1428571428571,"attrs":[],"isMulticolor":false,"isMulticolor2":false,"tags":["map-marker"],"defaultCode":61505,"grid":14},"attrs":[],"properties":{"name":"map-marker","id":65,"order":92,"prevSize":28,"code":61505},"setIdx":0,"setId":5,"iconIdx":65},{"icon":{"paths":["M292.571 0c9.714 0 18.286 8.571 18.286 18.286v841.143c0 6.857-4 13.143-9.714 16l-274.286 146.286c-2.857 1.714-5.714 2.286-8.571 2.286-9.714 0-18.286-8.571-18.286-18.286v-841.143c0-6.857 4-13.143 9.714-16l274.286-146.286c2.857-1.714 5.714-2.286 8.571-2.286zM1005.714 0c9.714 0 18.286 8.571 18.286 18.286v841.143c0 6.857-4 13.143-9.714 16l-274.286 146.286c-2.857 1.714-5.714 2.286-8.571 2.286-9.714 0-18.286-8.571-18.286-18.286v-841.143c0-6.857 4-13.143 9.714-16l274.286-146.286c2.857-1.714 5.714-2.286 8.571-2.286zM365.714 0c2.857 0 5.714 0.571 8 1.714l292.571 146.286c6.286 3.429 10.286 9.714 10.286 16.571v841.143c0 9.714-8.571 18.286-18.286 18.286-2.857 0-5.714-0.571-8-1.714l-292.571-146.286c-6.286-3.429-10.286-9.714-10.286-16.571v-841.143c0-9.714 8.571-18.286 18.286-18.286z"],"width":1024,"attrs":[],"isMulticolor":false,"isMulticolor2":false,"tags":["map"],"defaultCode":62073,"grid":14},"attrs":[],"properties":{"name":"map","id":578,"order":91,"prevSize":28,"code":62073},"setIdx":0,"setId":5,"iconIdx":578}],"height":1024,"metadata":{"name":"icomoon"},"preferences":{"showGlyphs":true,"showQuickUse":true,"showQuickUse2":true,"showSVGs":true,"fontPref":{"prefix":"icon-","metadata":{"fontFamily":"icomoon","majorVersion":1,"minorVersion":0},"metrics":{"emSize":1024,"baseline":6.25,"whitespace":50},"embed":false,"noie8":true,"ie7":false,"showSelector":false,"showMetrics":false,"showMetadata":false,"showVersion":false,"selector":""},"imagePref":{"prefix":"icon-","png":true,"useClassSelector":true,"color":0,"bgColor":16777215,"classSelector":".icon","name":"icomoon"},"historySize":50,"showCodes":true,"gridSize":16,"showLiga":false,"showGrid":false}}